File Name,Date Last Modified,Size
_readme.txt,2001-10-04 10:40,329
acceptance.gif,2001-10-04 10:40,1.2K
acceptance.html,2016-07-01 0:31,94
acceptance.map,2005-01-28 17:34,206
accident.gif,2001-10-04 10:40,7.4K
accident.html,2016-07-01 0:31,2.9K
accident.map,2005-01-28 17:34,236
actonslock.gif,2001-10-04 10:40,7.7K
actonslock.html,2016-07-01 0:31,2.9K
actonslock.map,2005-01-28 17:34,142
advertised.gif,2001-10-04 10:40,1.3K
advertised.html,2016-07-01 0:31,94
advertised.map,2005-01-28 17:34,292
afraid.gif,2001-10-04 10:40,1.1K
afraid.html,2016-07-01 0:31,86
afraid.map,2005-01-28 17:34,213
aldgate.gif,2001-10-04 10:40,9.7K
aldgate.html,2016-07-01 0:31,2.9K
aldgate.map,2005-01-28 17:34,252
alphgate.gif,2001-10-04 10:40,7.2K
alphgate.html,2016-07-01 0:31,2.9K
alphgate.map,2005-01-28 17:34,208
anger.gif,2001-10-04 10:40,1.1K
anger.html,2016-07-01 0:31,84
anger.map,2005-01-28 17:34,238
archwayviaduct.gif,2001-10-04 10:40,5.5K
archwayviaduct.html,2016-07-01 0:31,2.9K
archwayviaduct.map,2005-01-28 17:34,222
art.gif,2001-10-04 10:40,1.0K
art.html,2016-07-01 0:31,80
art.map,2005-01-28 17:34,195
artec.gif,2001-10-04 10:40,9.0K
artec.html,2016-07-01 0:31,2.9K
artec.map,2005-01-28 17:34,205
artwork/,2014-11-03 12:16,-
audience.gif,2001-10-04 10:40,1.1K
audience.html,2016-07-01 0:31,90
audience.map,2005-01-28 17:34,169
author.gif,2001-10-04 10:40,1.1K
author.html,2016-07-01 0:31,86
author.map,2005-01-28 17:34,201
authority.gif,2001-10-04 10:40,1.2K
authority.html,2016-07-01 0:31,92
authority.map,2005-01-28 17:34,206
authors.gif,2001-10-04 10:40,1.3K
authors.html,2016-07-01 0:31,88
authors.map,2005-01-28 17:34,275
bagelshop.gif,2001-10-04 10:40,7.9K
bagelshop.html,2016-07-01 0:31,2.9K
bagelshop.map,2005-01-28 17:34,212
balticbomb.gif,2001-10-04 10:40,7.1K
balticbomb.html,2016-07-01 0:31,2.9K
balticbomb.map,2005-01-28 17:34,215
bank.gif,2001-10-04 10:40,7.0K
bank.html,2016-07-01 0:31,82
bank.map,2005-01-28 17:34,207
bbc.gif,2001-10-04 10:40,7.3K
bbc.html,2016-07-01 0:31,2.9K
bbc.map,2005-01-28 17:34,190
biga.gif,2001-10-04 10:40,1.4K
biga.html,2016-07-01 0:31,82
biga.map,2005-01-28 17:34,161
binary.gif,2001-10-04 10:40,1.1K
binary.html,2016-07-01 0:31,86
binary.map,2005-01-28 17:34,271
binarybite.gif,2001-10-04 10:40,3.3K
binarybite.html,2016-07-01 0:31,94
binarybite.map,2005-01-28 17:34,283
binaryprogress.gif,2001-10-04 10:40,2.8K
binaryprogress.html,2016-07-01 0:31,102
binaryprogress.map,2005-01-28 17:34,244
birth.gif,2001-10-04 10:40,7.0K
birth.html,2016-07-01 0:31,2.9K
birth.map,2005-01-28 17:34,169
bishopsgate.gif,2001-10-04 10:40,8.8K
bishopsgate.html,2016-07-01 0:31,2.9K
bishopsgate.map,2005-01-28 17:34,249
blackfriarsbridge.gif,2001-10-04 10:40,5.6K
blackfriarsbridge.html,2016-07-01 0:31,3.0K
blackfriarsbridge.map,2005-01-28 17:34,222
bone1.gif,2001-10-04 10:40,2.5K
bone1.html,2016-07-01 0:31,84
bone1.map,2005-01-28 17:34,165
bone2.gif,2001-10-04 10:40,2.5K
bone2.html,2016-07-01 0:31,84
bone2.map,2005-01-28 17:34,156
bone3.gif,2001-10-04 10:40,2.5K
bone3.html,2016-07-01 0:31,84
bone3.map,2005-01-28 17:34,161
bone4.gif,2001-10-04 10:40,2.9K
bone4.html,2016-07-01 0:31,84
bone4.map,2005-01-28 17:34,161
bonestructure.gif,2001-10-04 10:40,3.9K
bonestructure.html,2016-07-01 0:31,100
bonestructure.map,2005-01-28 17:34,419
brokenbone.gif,2001-10-04 10:40,1.6K
brokenbone.html,2016-07-01 0:31,94
brokenbone.map,2005-01-28 17:34,169
brokenbones.gif,2001-10-04 10:40,3.6K
brokenbones.html,2016-07-01 0:31,96
brokenbones.map,2005-01-28 17:34,214
buggers.gif,2001-10-04 10:40,5.1K
buggers.html,2016-07-01 0:31,88
buggers.map,2005-01-28 17:34,199
bugging1.gif,2001-10-04 10:40,8.7K
bugging1.html,2016-07-01 0:31,90
bugging1.map,2005-01-28 17:34,217
bugging2.gif,2001-10-04 10:40,10K
bugging2.html,2016-07-01 0:31,90
bugging2.map,2005-01-28 17:34,210
cafe.gif,2001-10-04 10:40,8.6K
cafe.html,2016-07-01 0:31,2.9K
cafe.map,2005-01-28 17:34,243
camdenlock.gif,2001-10-04 10:40,6.7K
camdenlock.html,2016-07-01 0:31,2.9K
camdenlock.map,2005-01-28 17:34,284
cardinalcap.gif,2001-10-04 10:40,6.2K
cardinalcap.html,2016-07-01 0:31,2.9K
cardinalcap.map,2005-01-28 17:34,211
change.gif,2001-10-04 10:40,1.1K
change.html,2016-07-01 0:31,86
change.map,2005-01-28 17:34,210
changealley.gif,2001-10-04 10:40,8.7K
changealley.html,2016-07-01 0:31,2.9K
changealley.map,2005-01-28 17:34,326
charingcross.gif,2001-10-04 10:40,9.8K
charingcross.html,2016-07-01 0:31,3.0K
charingcross.map,2005-01-28 17:34,251
chisenhale.gif,2001-10-04 10:40,9.8K
chisenhale.html,2016-07-01 0:31,2.9K
chisenhale.map,2005-01-28 17:34,178
circle1.gif,2001-10-04 10:40,1.0K
circle1.html,2016-07-01 0:31,88
circle1.map,2005-01-28 17:34,169
circle2.gif,2001-10-04 10:40,1.1K
circle2.html,2016-07-01 0:31,88
circle2.map,2005-01-28 17:34,161
circusspace.gif,2001-10-04 10:40,8.0K
circusspace.html,2016-07-01 0:31,2.9K
circusspace.map,2005-01-28 17:34,175
citybasin.gif,2001-10-04 10:40,6.2K
citybasin.html,2016-07-01 0:31,2.9K
citybasin.map,2005-01-28 17:34,241
clockwise.gif,2001-10-04 10:40,1.7K
clockwise.html,2016-07-01 0:31,92
clockwise.map,2005-01-28 17:34,240
collective.gif,2001-10-04 10:40,1.2K
collective.html,2016-07-01 0:31,94
collective.map,2005-01-28 17:34,245
conflict.gif,2001-10-04 10:40,1.2K
conflict.html,2016-07-01 0:31,90
conflict.map,2005-01-28 17:34,242
confused.gif,2001-10-04 10:40,1.3K
confused.html,2016-07-01 0:31,90
confused.map,2005-01-28 17:34,245
confusion.gif,2001-10-04 10:40,1.3K
confusion.html,2016-07-01 0:31,92
confusion.map,2005-01-28 17:34,241
contourmap.gif,2001-10-04 10:40,3.8K
contourmap.html,2016-07-01 0:31,94
contourmap.map,2005-01-28 17:34,174
coventgarden.gif,2001-10-04 10:40,8.1K
coventgarden.html,2016-07-01 0:31,2.9K
coventgarden.map,2005-01-28 17:34,284
creativity.gif,2001-10-04 10:40,1.2K
creativity.html,2016-07-01 0:31,94
creativity.map,2005-01-28 17:34,246
creativity1.gif,2001-10-04 10:40,1.5K
creativity1.html,2016-07-01 0:31,96
creativity1.map,2005-01-28 17:34,165
cutting.gif,2001-10-04 10:40,6.7K
cutting.html,2016-07-01 0:31,88
cutting.map,2005-01-28 17:34,173
death.gif,2001-10-04 10:40,1.1K
death.html,2016-07-01 0:31,84
death.map,2005-01-28 17:34,208
deciders.gif,2001-10-04 10:40,1.1K
deciders.html,2016-07-01 0:31,90
deciders.map,2005-01-28 17:34,169
delusion.gif,2001-10-04 10:40,1.2K
delusion.html,2016-07-01 0:31,90
delusion.map,2005-01-28 17:34,200
denial.gif,2001-10-04 10:40,1.1K
denial.html,2016-07-01 0:31,86
denial.map,2005-01-28 17:34,208
denied.gif,2001-10-04 10:40,1.1K
denied.html,2016-07-01 0:31,86
denied.map,2005-01-28 17:34,281
desire.gif,2001-10-04 10:40,1.0K
desire.html,2016-07-01 0:31,86
desire.map,2005-01-28 17:34,166
destruction.gif,2001-10-04 10:40,1.3K
destruction.html,2016-07-01 0:31,96
destruction.map,2005-01-28 17:34,208
diffusion.gif,2001-10-04 10:40,1.2K
diffusion.html,2016-07-01 0:31,92
diffusion.map,2005-01-28 17:34,249
dillions.gif,2001-10-04 10:40,7.4K
dillions.html,2016-07-01 0:31,90
dillions.map,2005-01-28 17:34,205
discard.gif,2001-10-04 10:40,1.1K
discard.html,2016-07-01 0:31,88
discard.map,2005-01-28 17:34,208
dock1.gif,2001-10-04 10:40,6.7K
dock1.html,2016-07-01 0:31,84
dock1.map,2005-01-28 17:34,166
dock2.gif,2001-10-04 10:40,7.5K
dock2.html,2016-07-01 0:31,84
dock2.map,2005-01-28 17:34,169
dock3.gif,2001-10-04 10:40,5.1K
dock3.html,2016-07-01 0:31,84
dock3.map,2005-01-28 17:34,202
ease.gif,2001-10-04 10:40,945
ease.html,2016-07-01 0:31,82
ease.map,2005-01-28 17:34,173
electricity.gif,2001-10-04 10:40,6.9K
electricity.html,2016-07-01 0:31,96
electricity.map,2005-01-28 17:34,179
enforced.gif,2001-10-04 10:40,1.2K
enforced.html,2016-07-01 0:31,90
enforced.map,2005-01-28 17:34,251
escalator.gif,2001-10-04 10:40,8.1K
escalator.html,2016-07-01 0:31,92
escalator.map,2005-01-28 17:34,250
essexsteps.gif,2001-10-04 10:40,3.7K
essexsteps.html,2016-07-01 0:31,2.9K
essexsteps.map,2005-01-28 17:34,215
evolution.gif,2001-10-04 10:40,1.2K
evolution.html,2016-07-01 0:31,92
evolution.map,2005-01-28 17:34,206
farringdon.gif,2001-10-04 10:40,7.9K
farringdon.html,2016-07-01 0:31,2.9K
farringdon.map,2005-01-28 17:34,241
fear.gif,2001-10-04 10:40,1.0K
fear.html,2016-07-01 0:31,82
fear.map,2005-01-28 17:34,230
feedback.gif,2001-10-04 10:40,1.7K
feedback.html,2016-07-01 0:31,90
feedback.map,2005-01-28 17:34,242
fish1.gif,2001-10-04 10:40,1.7K
fish1.html,2016-07-01 0:31,84
fish1.map,2005-01-28 17:34,166
fish2.gif,2001-10-04 10:40,2.2K
fish2.html,2016-07-01 0:31,84
fish2.map,2005-01-28 17:34,167
fish3.gif,2001-10-04 10:40,1.7K
fish3.html,2016-07-01 0:31,84
fish3.map,2005-01-28 17:34,165
flow.gif,2001-10-04 10:40,1.0K
flow.html,2016-07-01 0:31,82
flow.map,2005-01-28 17:34,197
following.gif,2001-10-04 10:40,6.5K
following.html,2016-07-01 0:31,92
following.map,2005-01-28 17:34,174
fracture.gif,2001-10-04 10:40,3.0K
fracture.html,2016-07-01 0:31,90
fracture.map,2005-01-28 17:34,173
freedompress.gif,2001-10-04 10:40,9.1K
freedompress.html,2016-07-01 0:31,2.9K
freedompress.map,2005-01-28 17:34,212
freemasons.gif,2001-10-04 10:40,9.8K
freemasons.html,2016-07-01 0:31,2.9K
freemasons.map,2005-01-28 17:34,216
front.gif,2001-10-04 10:40,6.7K
front.htm,2001-10-04 10:40,1.7K
front.html,2016-07-01 0:31,1.7K
front.map,2005-01-28 17:34,278
ftskip.gif,2001-10-04 10:40,9.3K
ftskip.html,2016-07-01 0:31,2.9K
ftskip.map,2005-01-28 17:34,178
future.gif,2001-10-04 10:40,1.0K
future.html,2016-07-01 0:31,86
future.map,2005-01-28 17:34,166
garlickehill.gif,2001-10-04 10:40,7.8K
garlickehill.html,2016-07-01 0:31,2.9K
garlickehill.map,2005-01-28 17:34,257
greenwich.gif,2001-10-04 10:40,7.3K
greenwich.html,2016-07-01 0:31,2.9K
greenwich.map,2005-01-28 17:34,169
guilt.gif,2001-10-04 10:40,970
guilt.html,2016-07-01 0:31,84
guilt.map,2005-01-28 17:34,168
hayward.gif,2001-10-04 10:40,7.2K
hayward.html,2016-07-01 0:31,2.9K
hayward.map,2005-01-28 17:34,272
headinsand.gif,2001-10-04 10:40,2.4K
headinsand.html,2016-07-01 0:31,94
headinsand.map,2005-01-28 17:34,165
helicopter.gif,2001-10-04 10:40,6.6K
helicopter.html,2016-07-01 0:31,94
helicopter.map,2005-01-28 17:34,209
high.gif,2001-10-04 10:40,1.0K
high.html,2016-07-01 0:31,82
high.map,2005-01-28 17:34,161
highgatecemetry.gif,2001-10-04 10:40,8.5K
highgatecemetry.html,2016-07-01 0:31,3.0K
highgatecemetry.map,2005-01-28 17:34,179
hmsbelfast.gif,2001-10-04 10:40,5.8K
hmsbelfast.html,2016-07-01 0:31,2.9K
hmsbelfast.map,2005-01-28 17:34,239
hmv.gif,2001-10-04 10:40,6.8K
hmv.html,2016-07-01 0:31,80
hmv.map,2005-01-28 17:34,207
holbornviaduct.gif,2001-10-04 10:40,8.4K
holbornviaduct.html,2016-07-01 0:31,3.0K
holbornviaduct.map,2005-01-28 17:34,247
horizon.gif,2001-10-04 10:40,2.1K
horizon.html,2016-07-01 0:31,88
horizon.map,2005-01-28 17:34,168
hurt.gif,2001-10-04 10:40,951
hurt.html,2016-07-01 0:31,82
hurt.map,2005-01-28 17:34,164
hutch.gif,2001-10-04 10:40,9.8K
hutch.html,2016-07-01 0:31,84
hutch.map,2005-01-28 17:34,197
ica.gif,2001-10-04 10:40,8.3K
ica.html,2016-07-01 0:31,3.0K
ica.map,2005-01-28 17:34,197
implied.gif,2001-10-04 10:40,1.1K
implied.html,2016-07-01 0:31,88
implied.map,2005-01-28 17:34,171
impotent.gif,2001-10-04 10:40,1.1K
impotent.html,2016-07-01 0:31,90
impotent.map,2005-01-28 17:34,224
inequality.gif,2001-10-04 10:40,1.2K
inequality.html,2016-07-01 0:31,94
inequality.map,2005-01-28 17:34,198
info.gif,2001-10-04 10:40,3.1K
info.html,2016-07-01 0:31,82
info.map,2005-01-28 17:34,201
inward.gif,2001-10-04 10:40,1.1K
inward.html,2016-07-01 0:31,86
inward.map,2005-01-28 17:34,207
jobcentre.gif,2001-10-04 10:40,4.6K
jobcentre.html,2016-07-01 0:31,2.9K
jobcentre.map,2005-01-28 17:34,216
juddstreetbomb.gif,2001-10-04 10:40,7.4K
juddstreetbomb.html,2016-07-01 0:31,3.0K
juddstreetbomb.map,2005-01-28 17:34,212
kingscross.gif,2001-10-04 10:40,9.4K
kingscross.html,2016-07-01 0:31,2.9K
kingscross.map,2005-01-28 17:34,253
langmap.gif,2001-10-04 10:40,4.1K
langmap.html,2016-07-01 0:31,88
langmap.map,2005-01-28 17:34,166
langstruct.gif,2001-10-04 10:40,4.7K
langstruct.html,2016-07-01 0:31,94
langstruct.map,2005-01-28 17:34,173
law.gif,2001-10-04 10:40,1.1K
law.html,2016-07-01 0:31,80
law.map,2005-01-28 17:34,229
left-right.gif,2001-10-04 10:40,1.6K
left-right.html,2016-07-01 0:31,94
left-right.map,2005-01-28 17:34,173
leicestersquare.gif,2001-10-04 10:40,9.6K
leicestersquare.html,2016-07-01 0:31,3.0K
leicestersquare.map,2005-01-28 17:34,195
lies.gif,2001-10-04 10:40,1.0K
lies.html,2016-07-01 0:31,82
lies.map,2005-01-28 17:34,231
life.gif,2001-10-04 10:40,1.0K
life.html,2016-07-01 0:31,82
life.map,2005-01-28 17:34,207
lisson.gif,2001-10-04 10:40,6.4K
lisson.html,2016-07-01 0:31,2.9K
lisson.map,2005-01-28 17:34,243
liverpool.gif,2001-10-04 10:40,7.7K
liverpool.html,2016-07-01 0:31,2.9K
liverpool.map,2005-01-28 17:34,212
lloydsbuilding.gif,2001-10-04 10:40,7.4K
lloydsbuilding.html,2016-07-01 0:31,3.0K
lloydsbuilding.map,2005-01-28 17:34,290
low.gif,2001-10-04 10:40,941
low.html,2016-07-01 0:31,80
low.map,2005-01-28 17:34,163
lrtisland.gif,2001-10-04 10:40,8.0K
lrtisland.html,2016-07-01 0:31,3.0K
lrtisland.map,2005-01-28 17:34,221
ludgate.gif,2001-10-04 10:40,10K
ludgate.html,2016-07-01 0:31,2.9K
ludgate.map,2005-01-28 17:34,246
magpiealley.gif,2001-10-04 10:40,6.3K
magpiealley.html,2016-07-01 0:31,2.9K
magpiealley.map,2005-01-28 17:34,224
mapbc.gif,2001-10-04 10:40,5.7K
mapbc.html,2016-07-01 0:31,84
mapbc.map,2005-01-28 17:34,1.3K
mapbl.gif,2001-10-04 10:40,4.6K
mapbl.html,2016-07-01 0:31,84
mapbl.map,2005-01-28 17:34,1.0K
mapbr.gif,2001-10-04 10:40,4.0K
mapbr.html,2016-07-01 0:31,84
mapbr.map,2005-01-28 17:34,1.0K
mapcc.gif,2001-10-04 10:40,6.5K
mapcc.html,2016-07-01 0:31,84
mapcc.map,2005-01-28 17:34,1.7K
mapcl.gif,2001-10-04 10:40,4.3K
mapcl.html,2016-07-01 0:31,84
mapcl.map,2005-01-28 17:34,1.1K
mapcr.gif,2001-10-04 10:40,4.7K
mapcr.html,2016-07-01 0:31,84
mapcr.map,2005-01-28 17:34,1.3K
maptc.gif,2001-10-04 10:40,4.0K
maptc.html,2016-07-01 0:31,84
maptc.map,2005-01-28 17:34,1.2K
maptl.gif,2001-10-04 10:40,2.9K
maptl.html,2016-07-01 0:31,84
maptl.map,2005-01-28 17:34,756
maptr.gif,2001-10-04 10:40,3.1K
maptr.html,2016-07-01 0:31,84
maptr.map,2005-01-28 17:34,701
marblearch.gif,2001-10-04 10:40,7.6K
marblearch.html,2016-07-01 0:31,2.9K
marblearch.map,2005-01-28 17:34,211
market.gif,2001-10-04 10:40,7.8K
market.html,2016-07-01 0:31,2.9K
market.map,2005-01-28 17:34,170
masochism.gif,2001-10-04 10:40,1.2K
masochism.html,2016-07-01 0:31,92
masochism.map,2005-01-28 17:34,210
metalbox.gif,2001-10-04 10:40,8.2K
metalbox.html,2016-07-01 0:31,90
metalbox.map,2005-01-28 17:34,240
mi5computers.gif,2001-10-04 10:40,9.9K
mi5computers.html,2016-07-01 0:31,98
mi5computers.map,2005-01-28 17:34,219
mi5garage.gif,2001-10-04 10:40,7.8K
mi5garage.html,2016-07-01 0:31,92
mi5garage.map,2005-01-28 17:34,215
mi5hq.gif,2001-10-04 10:40,9.7K
mi5hq.html,2016-07-01 0:31,84
mi5hq.map,2005-01-28 17:34,313
mi6hq.gif,2001-10-04 10:40,11K
mi6hq.html,2016-07-01 0:31,84
mi6hq.map,2005-01-28 17:34,169
militarymail.gif,2001-10-04 10:40,9.0K
militarymail.html,2016-07-01 0:31,98
militarymail.map,2005-01-28 17:34,240
mirror.dat,2001-10-04 10:40,843
misunderstand.gif,2001-10-04 10:40,1.5K
misunderstand.html,2016-07-01 0:31,100
misunderstand.map,2005-01-28 17:34,284
mithrastemple.gif,2001-10-04 10:40,10K
mithrastemple.html,2016-07-01 0:31,2.9K
mithrastemple.map,2005-01-28 17:34,222
moorgate.gif,2001-10-04 10:40,8.5K
moorgate.html,2016-07-01 0:31,2.9K
moorgate.map,2005-01-28 17:34,248
mountpleasant.gif,2001-10-04 10:40,8.9K
mountpleasant.html,2016-07-01 0:31,2.9K
mountpleasant.map,2005-01-28 17:34,247
murder.gif,2001-10-04 10:40,8.2K
murder.html,2016-07-01 0:31,86
murder.map,2005-01-28 17:34,207
muswellhill.gif,2001-10-04 10:40,7.9K
muswellhill.html,2016-07-01 0:31,2.9K
muswellhill.map,2005-01-28 17:34,182
myhome.gif,2001-10-04 10:40,8.9K
myhome.html,2016-07-01 0:31,2.9K
myhome.map,2005-01-28 17:34,511
natwestbomb.gif,2001-10-04 10:40,7.2K
natwestbomb.html,2016-07-01 0:31,3.0K
natwestbomb.map,2005-01-28 17:34,218
nealsyard.gif,2001-10-04 10:40,11K
nealsyard.html,2016-07-01 0:31,2.9K
nealsyard.map,2005-01-28 17:34,241
network.gif,2001-10-04 10:40,3.1K
network.html,2016-07-01 0:31,88
network.map,2005-01-28 17:34,170
new.gif,2001-10-04 10:40,1.0K
new.html,2016-07-01 0:31,80
new.map,2005-01-28 17:34,188
newgate.gif,2001-10-04 10:40,9.2K
newgate.html,2016-07-01 0:31,2.9K
newgate.map,2005-01-28 17:34,254
newmi5.gif,2001-10-04 10:40,9.2K
newmi5.html,2016-07-01 0:31,2.9K
newmi5.map,2005-01-28 17:34,209
newmi6.gif,2001-10-04 10:40,6.3K
newmi6.html,2016-07-01 0:31,2.9K
newmi6.map,2005-01-28 17:34,198
nuclearbunker.gif,2001-10-04 10:40,8.6K
nuclearbunker.html,2016-07-01 0:31,2.9K
nuclearbunker.map,2005-01-28 17:34,211
october.gif,2001-10-04 10:40,10K
october.html,2016-07-01 0:31,2.9K
october.map,2005-01-28 17:34,216
office.gif,2001-10-04 10:40,7.2K
office.html,2016-07-01 0:31,2.9K
office.map,2005-01-28 17:34,203
oldbridge1.gif,2001-10-04 10:40,7.8K
oldbridge1.html,2016-07-01 0:31,94
oldbridge1.map,2005-01-28 17:34,187
oldbridge2.gif,2001-10-04 10:40,9.6K
oldbridge2.html,2016-07-01 0:31,94
oldbridge2.map,2005-01-28 17:34,179
oldcanal.gif,2001-10-04 10:40,8.5K
oldcanal.html,2016-07-01 0:31,90
oldcanal.map,2005-01-28 17:34,203
oldrailbridge.gif,2001-10-04 10:40,7.1K
oldrailbridge.html,2016-07-01 0:31,100
oldrailbridge.map,2005-01-28 17:34,373
oldtramtunnel.gif,2001-10-04 10:40,9.9K
oldtramtunnel.html,2016-07-01 0:31,100
oldtramtunnel.map,2005-01-28 17:34,291
oldwall1.gif,2001-10-04 10:40,10K
oldwall1.html,2016-07-01 0:31,90
oldwall1.map,2005-01-28 17:34,205
oldwall2.gif,2001-10-04 10:40,8.7K
oldwall2.html,2016-07-01 0:31,90
oldwall2.map,2005-01-28 17:34,242
oldwall3.gif,2001-10-04 10:40,9.6K
oldwall3.html,2016-07-01 0:31,90
oldwall3.map,2005-01-28 17:34,213
oldwall4.gif,2001-10-04 10:40,8.4K
oldwall4.html,2016-07-01 0:31,90
oldwall4.map,2005-01-28 17:34,212
oldwall5.gif,2001-10-04 10:40,10K
oldwall5.html,2016-07-01 0:31,90
oldwall5.map,2005-01-28 17:34,260
past.gif,2001-10-04 10:40,1.0K
past.html,2016-07-01 0:31,82
past.map,2005-01-28 17:34,192
past2.gif,2001-10-04 10:40,1.0K
past2.html,2016-07-01 0:31,84
past2.map,2005-01-28 17:34,192
photographers.gif,2001-10-04 10:40,9.1K
photographers.html,2016-07-01 0:31,3.0K
photographers.map,2005-01-28 17:34,230
piccadillycircus.gif,2001-10-04 10:40,8.2K
piccadillycircus.html,2016-07-01 0:31,3.0K
piccadillycircus.map,2005-01-28 17:34,259
pierce.gif,2001-10-04 10:40,1.2K
pierce.html,2016-07-01 0:31,86
pierce.map,2005-01-28 17:34,209
pit.gif,2001-10-04 10:40,9.3K
pit.html,2016-07-01 0:31,80
pit.map,2005-01-28 17:34,200
popular.gif,2001-10-04 10:40,1.2K
popular.html,2016-07-01 0:31,88
popular.map,2005-01-28 17:34,230
postgate.gif,2001-10-04 10:40,9.4K
postgate.html,2016-07-01 0:31,2.9K
postgate.map,2005-01-28 17:34,288
postmansgarden.gif,2001-10-04 10:40,6.7K
postmansgarden.html,2016-07-01 0:31,3.0K
postmansgarden.map,2005-01-28 17:34,249
power.gif,2001-10-04 10:40,1.1K
power.html,2016-07-01 0:31,84
power.map,2005-01-28 17:34,211
powerless.gif,2001-10-04 10:40,1.2K
powerless.html,2016-07-01 0:31,92
powerless.map,2005-01-28 17:34,206
praise.gif,2001-10-04 10:40,1.0K
praise.html,2016-07-01 0:31,86
praise.map,2005-01-28 17:34,173
present.gif,2001-10-04 10:40,1.2K
present.html,2016-07-01 0:31,88
present.map,2005-01-28 17:34,240
printersbin.gif,2001-10-04 10:40,7.4K
printersbin.html,2016-07-01 0:31,96
printersbin.map,2005-01-28 17:34,245
progress.gif,2001-10-04 10:40,1.2K
progress.html,2016-07-01 0:31,90
progress.map,2005-01-28 17:34,207
progress2.gif,2001-10-04 10:40,1.2K
progress2.html,2016-07-01 0:31,92
progress2.map,2005-01-28 17:34,241
protest.gif,2001-10-04 10:40,1.1K
protest.html,2016-07-01 0:31,88
protest.map,2005-01-28 17:34,205
puncture.gif,2001-10-04 10:40,1.2K
puncture.html,2016-07-01 0:31,90
puncture.map,2005-01-28 17:34,204
queenhithe.gif,2001-10-04 10:40,6.2K
queenhithe.html,2016-07-01 0:31,2.9K
queenhithe.map,2005-01-28 17:34,249
regentspark.gif,2001-10-04 10:40,8.6K
regentspark.html,2016-07-01 0:31,2.9K
regentspark.map,2005-01-28 17:34,278
regression.gif,2001-10-04 10:40,1.1K
regression.html,2016-07-01 0:31,94
regression.map,2005-01-28 17:34,176
relief.gif,2001-10-04 10:40,1.0K
relief.html,2016-07-01 0:31,86
relief.map,2005-01-28 17:34,168
resolve.gif,2001-10-04 10:40,1.1K
resolve.html,2016-07-01 0:31,88
resolve.map,2005-01-28 17:34,209
riba.gif,2001-10-04 10:40,6.1K
riba.html,2016-07-01 0:31,2.9K
riba.map,2005-01-28 17:34,170
righteyes.gif,2001-10-04 10:40,1.2K
righteyes.html,2016-07-01 0:31,92
righteyes.map,2005-01-28 17:34,236
righthand.gif,2001-10-04 10:40,1.6K
righthand.html,2016-07-01 0:31,92
righthand.map,2005-01-28 17:34,174
rigid.gif,2001-10-04 10:40,1.1K
rigid.html,2016-07-01 0:31,84
rigid.map,2005-01-28 17:34,235
romanbath.gif,2001-10-04 10:40,8.0K
romanbath.html,2016-07-01 0:31,2.9K
romanbath.map,2005-01-28 17:34,220
saatchi.gif,2001-10-04 10:40,6.2K
saatchi.html,2016-07-01 0:31,2.9K
saatchi.map,2005-01-28 17:34,164
scar.gif,2001-10-04 10:40,1.0K
scar.html,2016-07-01 0:31,82
scar.map,2005-01-28 17:34,199
schemap.gif,2001-10-04 10:40,5.5K
schemap.html,2016-07-01 0:31,88
schemap.map,2005-01-28 17:34,382
secretgarden.gif,2001-10-04 10:40,11K
secretgarden.html,2016-07-01 0:31,2.9K
secretgarden.map,2005-01-28 17:34,222
seduce.gif,2001-10-04 10:40,1.1K
seduce.html,2016-07-01 0:31,86
seduce.map,2005-01-28 17:34,204
selfhate.gif,2001-10-04 10:40,1.1K
selfhate.html,2016-07-01 0:31,90
selfhate.map,2005-01-28 17:34,203
serpentine.gif,2001-10-04 10:40,8.4K
serpentine.html,2016-07-01 0:31,2.9K
serpentine.map,2005-01-28 17:34,178
shaft.gif,2001-10-04 10:40,9.9K
shaft.html,2016-07-01 0:31,84
shaft.map,2005-01-28 17:34,172
skaters.gif,2001-10-04 10:40,3.3K
skaters.html,2016-07-01 0:31,88
skaters.map,2005-01-28 17:34,244
spanner1.gif,2001-10-04 10:40,2.1K
spanner1.html,2016-07-01 0:31,90
spanner1.map,2005-01-28 17:34,165
spring.gif,2001-10-04 10:40,12K
spring.html,2016-07-01 0:31,86
spring.map,2005-01-28 17:34,217
stabbing.gif,2001-10-04 10:40,5.1K
stabbing.html,2016-07-01 0:31,90
stabbing.map,2005-01-28 17:34,211
stdunstans.gif,2001-10-04 10:40,10K
stdunstans.html,2016-07-01 0:31,2.9K
stdunstans.map,2005-01-28 17:34,247
steps.gif,2001-10-04 10:40,6.7K
steps.html,2016-07-01 0:31,84
steps.map,2005-01-28 17:34,253
steps2.gif,2001-10-04 10:40,7.5K
steps2.html,2016-07-01 0:31,86
steps2.map,2005-01-28 17:34,200
steps3.gif,2001-10-04 10:40,3.1K
steps3.html,2016-07-01 0:31,86
steps3.map,2005-01-28 17:34,283
stmarysalley.gif,2001-10-04 10:40,5.3K
stmarysalley.html,2016-07-01 0:31,2.9K
stmarysalley.map,2005-01-28 17:34,223
structure1.gif,2001-10-04 10:40,2.1K
structure1.html,2016-07-01 0:31,94
structure1.map,2005-01-28 17:34,410
submission.gif,2001-10-04 10:40,1.3K
submission.html,2016-07-01 0:31,94
submission.map,2005-01-28 17:34,253
subvert.gif,2001-10-04 10:40,1.2K
subvert.html,2016-07-01 0:31,88
subvert.map,2005-01-28 17:34,250
suppressed.gif,2001-10-04 10:40,1.3K
suppressed.html,2016-07-01 0:31,94
suppressed.map,2005-01-28 17:34,250
tate.gif,2001-10-04 10:40,8.0K
tate.html,2016-07-01 0:31,2.9K
tate.map,2005-01-28 17:34,205
tesco.gif,2001-10-04 10:40,7.5K
tesco.html,2016-07-01 0:31,2.9K
tesco.map,2005-01-28 17:34,207
text1.gif,2001-10-04 10:40,2.7K
text1.html,2016-07-01 0:31,84
text1.map,2005-01-28 17:34,167
text2.gif,2001-10-04 10:40,3.4K
text2.html,2016-07-01 0:31,84
text2.map,2005-01-28 17:34,162
thought.gif,2001-10-04 10:40,1.1K
thought.html,2016-07-01 0:31,88
thought.map,2005-01-28 17:34,173
threestrokes.gif,2001-10-04 10:40,2.2K
threestrokes.html,2016-07-01 0:31,98
threestrokes.map,2005-01-28 17:34,334
through.gif,2001-10-04 10:40,1.1K
through.html,2016-07-01 0:31,88
through.map,2005-01-28 17:34,175
trafalgarsquare.gif,2001-10-04 10:40,8.0K
trafalgarsquare.html,2016-07-01 0:31,3.0K
trafalgarsquare.map,2005-01-28 17:34,298
truth.gif,2001-10-04 10:40,1.1K
truth.html,2016-07-01 0:31,84
truth.map,2005-01-28 17:34,202
tunnel1.gif,2001-10-04 10:40,9.5K
tunnel1.html,2016-07-01 0:31,88
tunnel1.map,2005-01-28 17:34,205
tunnel2.gif,2001-10-04 10:40,7.7K
tunnel2.html,2016-07-01 0:31,88
tunnel2.map,2005-01-28 17:34,250
tunnel3.gif,2001-10-04 10:40,8.0K
tunnel3.html,2016-07-01 0:31,88
tunnel3.map,2005-01-28 17:34,246
tunnel4.gif,2001-10-04 10:40,9.4K
tunnel4.html,2016-07-01 0:31,88
tunnel4.map,2005-01-28 17:34,221
tunnel5.gif,2001-10-04 10:40,8.8K
tunnel5.html,2016-07-01 0:31,88
tunnel5.map,2005-01-28 17:34,220
tunnel6.gif,2001-10-04 10:40,8.3K
tunnel6.html,2016-07-01 0:31,88
tunnel6.map,2005-01-28 17:34,248
tunnel7.gif,2001-10-04 10:40,5.9K
tunnel7.html,2016-07-01 0:31,88
tunnel7.map,2005-01-28 17:34,219
tunnel8.gif,2001-10-04 10:40,6.9K
tunnel8.html,2016-07-01 0:31,88
tunnel8.map,2005-01-28 17:34,224
uncertainty.gif,2001-10-04 10:40,1.3K
uncertainty.html,2016-07-01 0:31,96
uncertainty.map,2005-01-28 17:34,207
unknown.gif,2001-10-04 10:40,1.2K
unknown.html,2016-07-01 0:31,88
unknown.map,2005-01-28 17:34,215
urhere.gif,2001-10-04 10:40,5.7K
urhere.html,2016-07-01 0:31,86
urhere.map,2005-01-28 17:34,233
vegstall.gif,2001-10-04 10:40,8.3K
vegstall.html,2016-07-01 0:31,90
vegstall.map,2005-01-28 17:34,171
ventilator.gif,2001-10-04 10:40,10K
ventilator.html,2016-07-01 0:31,94
ventilator.map,2005-01-28 17:34,220
videoshop.gif,2001-10-04 10:40,9.2K
videoshop.html,2016-07-01 0:31,92
videoshop.map,2005-01-28 17:34,213
videoskip.gif,2001-10-04 10:40,7.0K
videoskip.html,2016-07-01 0:31,92
videoskip.map,2005-01-28 17:34,248
violent.gif,2001-10-04 10:40,1.1K
violent.html,2016-07-01 0:31,88
violent.map,2005-01-28 17:34,203
wardrobecourt.gif,2001-10-04 10:40,7.7K
wardrobecourt.html,2016-07-01 0:31,2.9K
wardrobecourt.map,2005-01-28 17:34,225
whitechapel.gif,2001-10-04 10:40,9.4K
whitechapel.html,2016-07-01 0:31,3.0K
whitechapel.map,2005-01-28 17:34,222
winchesterpalace.gif,2001-10-04 10:40,10K
winchesterpalace.html,2016-07-01 0:31,3.0K
winchesterpalace.map,2005-01-28 17:34,186
wittingtoncave.gif,2001-10-04 10:40,7.7K
wittingtoncave.html,2016-07-01 0:31,3.0K
wittingtoncave.map,2005-01-28 17:34,224
wounded.gif,2001-10-04 10:40,1.2K
wounded.html,2016-07-01 0:31,88
wounded.map,2005-01-28 17:34,204
wounds.gif,2001-10-04 10:40,1.1K
wounds.html,2016-07-01 0:31,86
wounds.map,2005-01-28 17:34,205
yorkroadtube.gif,2001-10-04 10:40,6.9K
yorkroadtube.html,2016-07-01 0:31,2.9K
yorkroadtube.map,2005-01-28 17:34,217
zoo.gif,2001-10-04 10:40,3.5K
zoo.html,2016-07-01 0:31,2.9K
zoo.map,2005-01-28 17:34,242